<?xml version="1.0" encoding="utf-8"?>
<odoo noupdate="1">

    <record id="payment_provider_culqi" model="payment.provider">
        <field name="name">Culqi</field>
        <field name="code">culqi</field>
        <field name="company_id" ref="base.main_company"/>
        <field name="image_128" type="base64" file="payment_culqi/static/src/img/culqi_icon.png"/>
        <field name="payment_icon_ids" eval="[(6, 0, [
                   ref('payment.payment_icon_cc_visa'),
                   ref('payment.payment_icon_cc_mastercard'),
                   ref('payment.payment_icon_cc_american_express'),
                   ref('payment.payment_icon_cc_diners_club_intl'),
               ])]"/>
        <field name="redirect_form_view_id" ref="redirect_form"/>
        <field name="pre_msg"><![CDATA[<p>Se mostrará una ventana modal de CULQI después de hacer clic en el botón de pago.</p>]]>
        </field>
    </record>

</odoo>